label,sentence
3,タイトル: ショーシャンクの空に。概要: 冤罪で終身刑となった銀行員が、刑務所で希望を失わずに自由を追い求め続ける感動の物語。
3,タイトル: 君の名は。概要: 東京の少年と田舎町の少女が夢の中で入れ替わる不思議な現象を通じて惹かれあっていくアニメ映画。
4,タイトル: マッドマックス 怒りのデス・ロード。概要: 荒廃した世界で、生存をかけて戦う女性たちと元警官マックスの壮絶なカーチェイスが繰り広げられるアクション映画。
4,タイトル: パラサイト 半地下の家族。概要: 貧困家庭の息子が裕福な家庭に家庭教師として入り込み、家族全体を巻き込んだ不穏な関係が生まれる社会派サスペンス。
5,タイトル: バイオハザード。概要: ウイルスによりゾンビが蔓延した地下施設で、特殊部隊が真相を探りながら脱出を目指すホラーアクション映画。
3,タイトル: ラ・ラ・ランド。概要: 夢を追うジャズピアニストと女優志望の女性が出会い、互いの人生に影響を与えながらもすれ違っていくラブストーリー。
4,タイトル: IT イット “それ”が見えたら、終わり。概要: 子どもたちが正体不明のピエロ型怪物に立ち向かう、スティーブン・キング原作のホラー映画。
5,タイトル: インセプション。概要: 他人の夢に潜入し、潜在意識にアイデアを植え付けるミッションを描いた、時空が交錯するSFサスペンス。
3,タイトル: コクリコ坂から。概要: 1960年代の横浜を舞台に、新聞部の少女と航海部の少年が出会い、文化遺産を守ろうと奮闘する青春アニメ。
2,タイトル: グリーンブック。概要: 黒人ピアニストとイタリア系運転手の2人がアメリカ南部を旅しながら、互いの違いを理解していく実話に基づいたヒューマンドラマ。
3,タイトル: 天気の子。概要: 家出少年と天候を操る少女が東京で出会い、世界と引き換えに彼女を選ぶ青春ファンタジー。
5,タイトル: ジュラシック・パーク。概要: 遺伝子操作で復活した恐竜たちがテーマパークを混乱に陥れるSFスリラー。
4,タイトル: アバター。概要: 地球からの移住者と先住民族ナヴィの交流と対立を描く壮大なSFアクション。
2,タイトル: 名探偵ピカチュウ。概要: 人間の少年と話すピカチュウが共に父親の謎を追う、ポケモン実写映画。
3,タイトル: スラムドッグ$ミリオネア。概要: インドのスラム出身の青年がクイズ番組で人生を語る感動のドラマ。
5,タイトル: バック・トゥ・ザ・フューチャー。概要: 1985年の高校生がドクと共に過去と未来を行き来するタイムトラベル映画。
4,タイトル: ミッドサマー。概要: 白夜のスウェーデンで開かれる不気味な祝祭に巻き込まれるカップルのホラー。
2,タイトル: THE FIRST SLAM DUNK。概要: 湘北高校バスケ部の試合とメンバーの過去を描いた熱血アニメ映画。
2,タイトル: マイ・インターン。概要: 若い女性社長と70歳のシニアインターンの交流を描いた心温まるドラマ。
5,タイトル: スター・ウォーズ エピソード4 新たなる希望。概要: 若者ルークが銀河帝国と戦う運命に巻き込まれるSFの金字塔。
3,タイトル: マイ・フェア・レディ。概要: 花売り娘が言語学者により淑女に育てられる古典ミュージカル。
4,タイトル: 魔女の宅急便。概要: 修行中の魔女キキが宅配業を通して自立していく成長物語。
4,タイトル: チャーリーとチョコレート工場。概要: 不思議な工場に招待された子供たちが試されるファンタジー。
4,タイトル: グレイテスト・ショーマン。概要: サーカスを創り上げた実在の興行師の人生を描いたミュージカル映画。
4,タイトル: トイ・ストーリー。概要: おもちゃたちが持ち主の愛を巡って奮闘するディズニーの傑作。
4,タイトル: アイアンマン。概要: 天才発明家トニー・スタークが自作のスーツでヒーローになるマーベル映画。
3,タイトル: ブラックパンサー。概要: アフリカの秘密国家ワカンダの王が国と世界を守る戦いに挑む。
4,タイトル: スピード。概要: 時速50マイル以下で爆発するバスに乗った乗客と警官の緊迫アクション。
3,タイトル: バーレスク。概要: 田舎町の少女がL.A.で歌とダンスの才能を開花させるミュージカルドラマ。
3,タイトル: ワンダー 君は太陽。概要: 顔に障がいを持つ少年が普通学校に通い始めて周囲を変えていく心温まる話。
3,タイトル: プラダを着た悪魔。概要: ファッション誌編集部で奮闘する新米女性の成長物語。
4,タイトル: ザ・リング。概要: 見たら死ぬビデオテープの謎を追うホラー映画の名作。
4,タイトル: ヘアスプレー。概要: 太めの少女がTVダンス番組で注目され、差別に立ち向かう青春ミュージカル。
3,タイトル: グッド・ウィル・ハンティング。概要: 天才的な数学の才能を持つ青年が心を開いていく感動の物語。
4,タイトル: エスター。概要: 養子として迎えられた少女に秘められた恐ろしい秘密を描くホラーサスペンス。
3,タイトル: リメンバー・ミー。概要: 音楽を禁じられた少年が死者の国に迷い込み、家族の愛を再発見するピクサー作品。
3,タイトル: イエスマン。概要: 否定ばかりの男がすべてに「YES」と答えるようになり人生が一変するコメディ。
5,タイトル: ターミネーター2。概要: 殺人マシンT-800が人類の希望を守るため少年を救うSFアクション。
5,タイトル: ゴーストバスターズ。概要: 幽霊退治のプロチームがニューヨークの平和を守るおばけコメディ。
3,タイトル: 僕のワンダフル・ライフ。概要: 何度も生まれ変わる犬が飼い主と再会を果たす心温まる動物ドラマ。
3,タイトル: シンドラーのリスト。概要: ナチス占領下のポーランドで、多くのユダヤ人を救った実業家の実話を描く感動のドラマ。
3,タイトル: ドリーム。概要: NASAを支えた黒人女性数学者たちの奮闘と友情を描いた実話ベースの感動作。
4,タイトル: ミスト。概要: 怪物が潜む霧に包まれたスーパーマーケットでの極限状況と人間ドラマ。
3,タイトル: 風立ちぬ。概要: 零戦の設計者・堀越二郎の人生と愛を描いた宮崎駿監督のドラマティックアニメ。
4,タイトル: トランスフォーマー。概要: 地球に飛来した変形ロボットたちが人類と共に戦うアクションSF。
3,タイトル: ココ。概要: 亡き家族とのつながりをテーマに、死者の国を旅する少年の冒険と音楽の物語。
4,タイトル: ボヘミアン・ラプソディ。概要: クイーンのボーカル、フレディ・マーキュリーの波乱に満ちた人生を描く音楽映画。
4,タイトル: アナコンダ。概要: アマゾンの奥地で巨大蛇アナコンダに襲われるドキドキのサバイバルスリラー。
3,タイトル: 火垂るの墓。概要: 第二次世界大戦中の日本、兄妹の過酷な日常を描く戦争アニメ。
2,タイトル: ピッチ・パーフェクト。概要: アカペラ女子グループが大学大会で奮闘する音楽青春コメディ。
3,タイトル: キングスマン。概要: スーツ姿のスパイが世界を救う痛快アクションとスタイリッシュな戦闘。
2,タイトル: 君に読む物語。概要: 認知症の妻に夫が若き日のラブストーリーを読み聞かせる感動作。
2,タイトル: サマーウォーズ。概要: 仮想空間で起きた危機に家族の絆で立ち向かうアニメ映画。
4,タイトル: ラ・ラ・ランド。概要: 夢を追う男女が出会い、支え合いながらもすれ違うミュージカル映画。
4,タイトル: デビル。概要: エレベーターに閉じ込められた5人の中に悪魔が潜んでいるというサスペンススリラー。
3,タイトル: リトル・ミス・サンシャイン。概要: 家族が一丸となって少女のミスコン出場を目指す心温まるロードムービー。
3,タイトル: シェフ 三ツ星フードトラック始めました。概要: 有名シェフがフードトラックで人生を再出発するグルメ映画。
2,タイトル: インサイド・ヘッド。概要: 少女の頭の中で感情たちが奮闘する、ピクサーの感動ファンタジー。
3,タイトル: 猫の恩返し。概要: 猫の国に連れていかれた少女の冒険と成長を描くスタジオジブリ作品。
4,タイトル: ナイト・ミュージアム。概要: 博物館の展示物が夜になると動き出すファンタジーコメディ。
4,タイトル: カオス・ウォーキング。概要: 人間の思考が全て音として可視化される世界でのサバイバルと成長。
5,タイトル: シックス・センス。概要: 幽霊が見える少年と精神科医の出会いが導く衝撃の結末。
4,タイトル: もののけ姫。概要: 自然と人間の対立の中で葛藤する青年と森の姫を描いた壮大なアニメ。
3,タイトル: ザ・ビーチ。概要: 秘境の楽園を探す若者が直面する理想と現実のギャップを描くサスペンス。
2,タイトル: おおかみこどもの雨と雪。概要: 狼男との間に生まれた子どもたちと母親の愛と成長を描くアニメ。
3,タイトル: ペンギン・ハイウェイ。概要: 夏休み、小学生が街に現れたペンギンの謎を追う青春SFファンタジー。
3,タイトル: いま、会いにゆきます。概要: 死んだ妻が雨の季節に戻ってくる不思議で切ないラブストーリー。
3,タイトル: ヒットマンズ・ボディガード。概要: 殺し屋を護衛するエリートボディガードのドタバタアクションコメディ。
3,タイトル: フォレスト・ガンプ 一期一会。概要: 純粋な心を持つ男フォレストが、数奇な人生を駆け抜ける感動のヒューマンドラマ。
3,タイトル: アベンジャーズ／エイジ・オブ・ウルトロン。概要: 人工知能が暴走し、アベンジャーズが再び団結して地球を救うSFアクション。
